{"Qi": [81878.73688533086, 119918.61004838532, 119985.95608069024, 124558.454921841, 108934.06681395508, 78405.74394828612], "Qe": [123040.5540816178, 149759.59582970123, 149700.7518437603, 117624.91591140842, 95803.41018694406, 124589.13579634612], "Qtot": [49162.79529533899, 66594.04498346611, 66603.1632563944, 60496.2171260069, 50973.83849398259, 48121.92254442748]}