{"Qi": [242707.57720772372, 234223.13011717598, 185993.34620756077, 170500.00000001016, 157899.24674793842, 146646.12004218847], "Qe": [89094.66314032633, 100920.98894909477, 105657.74917827894, 113652.49784522312, 116446.13958068928, 117330.27234301677], "Qtot": [65171.19899565492, 70530.94051608216, 67380.64294402572, 68194.8989699397, 67020.47361741068, 65180.18163339756]}