{"Qi": [211307.1405989266, 211307.1405989263, 203500.47416664258, 206336.11141169866, 215584.17662920736, 229950.9409969941], "Qe": [107430.99280156799, 107430.99280156939, 107664.88788967684, 107398.90268216476, 107519.56405179194, 111519.41665293502], "Qtot": [71221.27389784098, 71221.27389784156, 70412.25794496392, 70633.72258058326, 71740.16815398633, 75098.7434905496]}