{"Qi": [259251.32033674224, 259400.9051946192, 240848.50099953712, 240981.15609576236, 241115.46536123301, 202148.09735745259, 201172.25075967997, 212729.40736736616, 208958.44569767872, 194365.5648142409, 191246.33016685737], "Qe": [93406.01346174255, 96957.03096675489, 99547.95189824862, 99262.17720468898, 99084.34900992492, 107790.63676382705, 106679.20157753794, 104279.19386598365, 103730.37863146384, 106793.89786840424, 106997.87556762087], "Qtot": [68666.18101067354, 70577.18952095853, 70435.44310805938, 70303.55007204678, 70225.69652397886, 70303.15909540231, 69711.85267331733, 69976.81143524653, 69319.198525773, 68923.8056576693, 68611.39510678494]}