{"Qi": [205144.49439640768, 205297.17204065504, 227228.23834291988, 228060.83074375155, 227806.7695299323, 220954.10326857763], "Qe": [106873.74604511965, 106912.07997294696, 102470.4150511315, 101242.47032363116, 101928.96713526043, 103390.86916745538], "Qtot": [70266.91954179147, 70301.40053144269, 70622.5871857217, 70116.03531976842, 70420.35831312867, 70433.14595406388]}