{"Qi": [206258.31124047327, 186660.20418478167, 177674.72766419922, 205029.47701797573, 217029.3897399523], "Qe": [116311.07046747876, 116799.9600771074, 116899.94224261571, 107786.72398795444, 109892.69826017636], "Qtot": [74371.9842415609, 71844.37024805656, 70509.00000494867, 70646.77461610196, 72952.99435464699]}