{"file_name": "C:/Users/Richard/Desktop/QC lab/Projects/[v4]_Resonator_project/data\\20220315_TH2403_resonator11_resonator12_6p591Ghzto6p5925GHz_sweep -10dBmto-20dBm_10Hz_avg5.hdf5", "data_dir": "C:/Users/Richard/Desktop/QC lab/Projects/[v4]_Resonator_project/data", "-10.0dBm": {"p": {"Qe": 96593.51985842036, "Qi": 262703.8393454642, "f0": 6591758362.4391165, "tau": -108.09391812211827, "a": 0.005679839066438677, "alpha": -97.58604941555747, "Ic": -0.00035004802619951396, "Rc": -0.0010376756561777452}, "%_std": {"Qe": 29.183225441620436, "Qi": 79.25325803082501, "f0": 2.473369522929543e-07, "tau": 29.10655244942616, "a": 29.2907548888648, "alpha": 59.741846063092176, "Ic": 107432.94967161436, "Rc": 12181.730658302884}, "LB": {"Qe": 50000, "Qi": 200000, "f0": 0, "tau": -200, "a": -10, "alpha": -120, "Ic": -10, "Rc": -10}, "UB": {"Qe": 300000, "Qi": 700000, "f0": 100000000000, "tau": 200, "a": 10, "alpha": 100, "Ic": 10, "Rc": 10}, "DISCARD_LEFT": 600, "DISCARD_RIGHT": 600, "Q": {"Qi": 262703.8393454642, "Qe": 96593.51985842036, "Qtot": 70625.31319162843}}, "-12.0dBm": {"p": {"Qe": 104046.45317491725, "Qi": 220446.21116457495, "f0": 6591758095.068261, "tau": -105.85366104401783, "a": 0.0061126028689559055, "alpha": -99.965026368181, "Ic": -0.00010584545294647482, "Rc": -0.001512741310947547}, "%_std": {"Qe": 37.66460402087415, "Qi": 79.67111206780793, "f0": 3.27579331862866e-07, "tau": 37.69922409108193, "a": 37.793961951137724, "alpha": 248.85004470958472, "Ic": 2313738.470898543, "Rc": 11284.326853826708}, "LB": {"Qe": 50000, "Qi": 200000, "f0": 0, "tau": -200, "a": -10, "alpha": -120, "Ic": -10, "Rc": -10}, "UB": {"Qe": 300000, "Qi": 700000, "f0": 100000000000, "tau": 200, "a": 10, "alpha": 100, "Ic": 10, "Rc": 10}, "DISCARD_LEFT": 600, "DISCARD_RIGHT": 600, "Q": {"Qi": 220446.21116457495, "Qe": 104046.45317491725, "Qtot": 70684.63761487682}}, "-14.0dBm": {"p": {"Qe": 103725.19130118589, "Qi": 216265.0717172847, "f0": 6591757102.41471, "tau": -107.19404037149609, "a": 0.006107634505483777, "alpha": -98.57305168148007, "Ic": 3.2670090964173e-05, "Rc": -0.001504584987700691}, "%_std": {"Qe": 38.72944030122564, "Qi": 80.619284169798, "f0": 3.718783681700154e-07, "tau": 39.18912820639785, "a": 38.88967922716685, "alpha": 59.396421494888465, "Ic": 789994.4311874396, "Rc": 358.92202355763897}, "LB": {"Qe": 50000, "Qi": 200000, "f0": 0, "tau": -200, "a": -10, "alpha": -120, "Ic": -10, "Rc": -10}, "UB": {"Qe": 300000, "Qi": 700000, "f0": 100000000000, "tau": 200, "a": 10, "alpha": 100, "Ic": 10, "Rc": 10}, "DISCARD_LEFT": 600, "DISCARD_RIGHT": 600, "Q": {"Qi": 216265.0717172847, "Qe": 103725.19130118589, "Qtot": 70102.55788422289}}, "-16.0dBm": {"p": {"Qe": 93672.57922301094, "Qi": 286869.07091708045, "f0": 6591757057.003328, "tau": -107.37641144567672, "a": 0.005490792598036228, "alpha": -98.33817563020195, "Ic": -0.00032768815470336603, "Rc": -0.0008415906518836545}, "%_std": {"Qe": 48.408855469191806, "Qi": 148.04551042289813, "f0": 3.835384262061524e-07, "tau": 48.418662132980586, "a": 48.59238377684601, "alpha": 101.83909658845904, "Ic": 160982.23738289363, "Rc": 24319.648560845617}, "LB": {"Qe": 50000, "Qi": 200000, "f0": 0, "tau": -200, "a": -10, "alpha": -120, "Ic": -10, "Rc": -10}, "UB": {"Qe": 300000, "Qi": 700000, "f0": 100000000000, "tau": 200, "a": 10, "alpha": 100, "Ic": 10, "Rc": 10}, "DISCARD_LEFT": 600, "DISCARD_RIGHT": 600, "Q": {"Qi": 286869.07091708045, "Qe": 93672.57922301094, "Qtot": 70614.51949404033}}, "-18.0dBm": {"p": {"Qe": 102398.61192342499, "Qi": 226772.50467886325, "f0": 6591757518.081375, "tau": -108.80417203588212, "a": 0.006032523208081219, "alpha": -96.84695145115181, "Ic": -0.00030034669469974874, "Rc": -0.0013971102435706944}, "%_std": {"Qe": 142.03025130519208, "Qi": 314.5125823508963, "f0": 3.219508941595499e-07, "tau": 142.58640411265523, "a": 16767.656400654938, "alpha": 168.0579421796544, "Ic": 16810.681794659755, "Rc": 16322.825452783814}, "LB": {"Qe": 50000, "Qi": 200000, "f0": 0, "tau": -200, "a": -10, "alpha": -120, "Ic": -10, "Rc": -10}, "UB": {"Qe": 300000, "Qi": 700000, "f0": 100000000000, "tau": 200, "a": 10, "alpha": 100, "Ic": 10, "Rc": 10}, "DISCARD_LEFT": 600, "DISCARD_RIGHT": 600, "Q": {"Qi": 226772.50467886325, "Qe": 102398.61192342499, "Qtot": 70544.4327594828}}, "-20.0dBm": {"p": {"Qe": 103706.09014987841, "Qi": 218319.3247927246, "f0": 6591757054.150283, "tau": -109.09668731360286, "a": 0.006144697170672516, "alpha": -96.54299936304204, "Ic": -0.00029221963884611926, "Rc": -0.001509395284008315}, "%_std": {"Qe": 46.09877994685618, "Qi": 96.8894401029528, "f0": 4.644909854735537e-07, "tau": 46.13239513506719, "a": 46.25147637558952, "alpha": 133.5028602883463, "Ic": 427556.09587835695, "Rc": 15976.010136016674}, "LB": {"Qe": 50000, "Qi": 200000, "f0": 0, "tau": -200, "a": -10, "alpha": -120, "Ic": -10, "Rc": -10}, "UB": {"Qe": 300000, "Qi": 700000, "f0": 100000000000, "tau": 200, "a": 10, "alpha": 100, "Ic": 10, "Rc": 10}, "DISCARD_LEFT": 600, "DISCARD_RIGHT": 600, "Q": {"Qi": 218319.3247927246, "Qe": 103706.09014987841, "Qtot": 70308.25061571729}}}