{"file_name": "C:/Users/Richard/Desktop/QC lab/Projects/[v4]_Resonator_project/data\\20220315_TH2403_resonator11_resonator12_6p591Ghzto6p5925GHz_sweep -30dBmto-20dBm_10Hz_avg5.hdf5", "data_dir": "C:/Users/Richard/Desktop/QC lab/Projects/[v4]_Resonator_project/data", "-30.0dBm": {"p": {"Qe": 100075.22140345539, "Qi": 238340.17232773543, "f0": 6591757286.220348, "tau": -106.7383604200009, "a": 0.0058907630158964545, "alpha": -99.05061777711501, "Ic": -2.198781948197333e-05, "Rc": -0.0012867270569879928}, "%_std": {"Qe": 125.70092928169132, "Qi": 298.9191664211454, "f0": 1.1097979456656866e-06, "tau": 126.75513532747205, "a": 126.21358187037323, "alpha": 832.1808260119866, "Ic": 31408599.355848793, "Rc": 9034.491117088552}, "LB": {"Qe": 50000, "Qi": 200000, "f0": 0, "tau": -200, "a": -10, "alpha": -120, "Ic": -10, "Rc": -10}, "UB": {"Qe": 300000, "Qi": 700000, "f0": 100000000000, "tau": 200, "a": 10, "alpha": 100, "Ic": 10, "Rc": 10}, "DISCARD_LEFT": 600, "DISCARD_RIGHT": 600, "Q": {"Qi": 238340.17232773543, "Qe": 100075.22140345539, "Qtot": 70481.26638701858}}, "-28.0dBm": {"p": {"Qe": 88426.62375595358, "Qi": 301594.6514640429, "f0": 6591758389.521059, "tau": -104.93277009904983, "a": 0.0052466568757982435, "alpha": -100.90809998469503, "Ic": -0.00029187292400031716, "Rc": -0.0005474353900268525}, "%_std": {"Qe": 0.20110247030604558, "Qi": 0.005068876889040424, "f0": 8.117338014488067e-07, "tau": 1.60854209283206, "a": 114032.60838997783, "alpha": 1.7548373731749751, "Ic": 114032.51795036046, "Rc": 114031.49357886855}, "LB": {"Qe": 50000, "Qi": 200000, "f0": 0, "tau": -200, "a": -10, "alpha": -120, "Ic": -10, "Rc": -10}, "UB": {"Qe": 300000, "Qi": 700000, "f0": 100000000000, "tau": 200, "a": 10, "alpha": 100, "Ic": 10, "Rc": 10}, "DISCARD_LEFT": 600, "DISCARD_RIGHT": 600, "Q": {"Qi": 301594.6514640429, "Qe": 88426.62375595358, "Qtot": 68378.31284146202}}, "-26.0dBm": {"p": {"Qe": 90385.71479515765, "Qi": 279099.17558729864, "f0": 6591757109.941648, "tau": -107.89842612334895, "a": 0.005281444254265507, "alpha": -97.79240050380048, "Ic": -0.0003273666538205312, "Rc": -0.0006287850434501191}, "%_std": {"Qe": 86.75606457328165, "Qi": 267.4954541890288, "f0": 6.798782955658913e-07, "tau": 86.6767844636792, "a": 87.10320788054558, "alpha": 238.43290332472318, "Ic": 293474.72200667596, "Rc": 79324.48111540172}, "LB": {"Qe": 50000, "Qi": 200000, "f0": 0, "tau": -200, "a": -10, "alpha": -120, "Ic": -10, "Rc": -10}, "UB": {"Qe": 300000, "Qi": 700000, "f0": 100000000000, "tau": 200, "a": 10, "alpha": 100, "Ic": 10, "Rc": 10}, "DISCARD_LEFT": 600, "DISCARD_RIGHT": 600, "Q": {"Qi": 279099.17558729864, "Qe": 90385.71479515765, "Qtot": 68274.99348643188}}, "-24.0dBm": {"p": {"Qe": 92343.95575244311, "Qi": 247357.43809307757, "f0": 6591756570.889049, "tau": -108.58221458944523, "a": 0.0053831409311815535, "alpha": -97.07511850976988, "Ic": -0.00034662847682507414, "Rc": -0.0007243467902358864}, "%_std": {"Qe": 73.56230421682056, "Qi": 196.7233909444669, "f0": 6.095050209981983e-07, "tau": 73.55541694207336, "a": 73.85910434585745, "alpha": 220.712660432637, "Ic": 296446.2513371405, "Rc": 67707.41256229277}, "LB": {"Qe": 50000, "Qi": 200000, "f0": 0, "tau": -200, "a": -10, "alpha": -120, "Ic": -10, "Rc": -10}, "UB": {"Qe": 300000, "Qi": 700000, "f0": 100000000000, "tau": 200, "a": 10, "alpha": 100, "Ic": 10, "Rc": 10}, "DISCARD_LEFT": 600, "DISCARD_RIGHT": 600, "Q": {"Qi": 247357.43809307757, "Qe": 92343.95575244311, "Qtot": 67241.30289760375}}, "-22.0dBm": {"p": {"Qe": 88235.89086536055, "Qi": 254720.22596694413, "f0": 6591756904.899691, "tau": -106.55256662221299, "a": 0.005155797675715675, "alpha": -99.20763464539117, "Ic": -0.000332732452425397, "Rc": -0.0005068819151654495}, "%_std": {"Qe": 86.11932596811738, "Qi": 248.21919210542447, "f0": 6.633576970486649e-07, "tau": 86.09029814981261, "a": 86.4761048527747, "alpha": 297.9165758575975, "Ic": 300152.4387677516, "Rc": 129039.13258311331}, "LB": {"Qe": 50000, "Qi": 200000, "f0": 0, "tau": -200, "a": -10, "alpha": -120, "Ic": -10, "Rc": -10}, "UB": {"Qe": 300000, "Qi": 700000, "f0": 100000000000, "tau": 200, "a": 10, "alpha": 100, "Ic": 10, "Rc": 10}, "DISCARD_LEFT": 600, "DISCARD_RIGHT": 600, "Q": {"Qi": 254720.22596694413, "Qe": 88235.89086536055, "Qtot": 65534.5245543735}}, "-20.0dBm": {"p": {"Qe": 88138.84011952834, "Qi": 259817.2240484608, "f0": 6591758155.721509, "tau": -105.97557457978075, "a": 0.005185785284412261, "alpha": -99.81216744694507, "Ic": -0.0003266410659030056, "Rc": -0.0005350786749155204}, "%_std": {"Qe": 62.12214663901289, "Qi": 182.84673177938166, "f0": 4.7375188342727007e-07, "tau": 61.9533082447218, "a": 62.378352596134214, "alpha": 197.63896977307996, "Ic": 214970.08973854172, "Rc": 79909.4002231431}, "LB": {"Qe": 50000, "Qi": 200000, "f0": 0, "tau": -200, "a": -10, "alpha": -120, "Ic": -10, "Rc": -10}, "UB": {"Qe": 300000, "Qi": 700000, "f0": 100000000000, "tau": 200, "a": 10, "alpha": 100, "Ic": 10, "Rc": 10}, "DISCARD_LEFT": 600, "DISCARD_RIGHT": 600, "Q": {"Qi": 259817.2240484608, "Qe": 88138.84011952834, "Qtot": 65812.87446581507}}}