{"file_name": "C:/Users/Richard/Desktop/QC lab/Projects/[v4]_Resonator_project/data\\20220209_TH2403_short_6p8165Ghzto6p817GHz_10mK_sweep-10dBm to -20dBm_100Hz_avg20.hdf5", "data_dir": "C:/Users/Richard/Desktop/QC lab/Projects/[v4]_Resonator_project/data", "-10.0dBm": {"p": {"Qe": 100000, "Qi": 350000, "f0": 0, "tau": -105, "a": 0.0041, "alpha": -100.98, "Ic": 0.0004, "Rc": 0.0004}, "%_std": {"Qe": 0, "Qi": 0, "f0": 0, "tau": 0, "a": 0, "alpha": 0, "Ic": 0, "Rc": 0}, "LB": {"Qe": 50000, "Qi": 200000, "f0": 0, "tau": -200, "a": -10, "alpha": -120, "Ic": -10, "Rc": -10}, "UB": {"Qe": 300000, "Qi": 700000, "f0": 100000000000, "tau": 200, "a": 10, "alpha": 100, "Ic": 10, "Rc": 10}, "DISCARD_LEFT": 600, "DISCARD_RIGHT": 600, "Q": {"Qi": 0, "Qe": 0, "Qtot": 0}}, "-12.0dBm": {"p": {"Qe": 100000, "Qi": 350000, "f0": 0, "tau": -105, "a": 0.0041, "alpha": -100.98, "Ic": 0.0004, "Rc": 0.0004}, "%_std": {"Qe": 0, "Qi": 0, "f0": 0, "tau": 0, "a": 0, "alpha": 0, "Ic": 0, "Rc": 0}, "LB": {"Qe": 50000, "Qi": 200000, "f0": 0, "tau": -200, "a": -10, "alpha": -120, "Ic": -10, "Rc": -10}, "UB": {"Qe": 300000, "Qi": 700000, "f0": 100000000000, "tau": 200, "a": 10, "alpha": 100, "Ic": 10, "Rc": 10}, "DISCARD_LEFT": 600, "DISCARD_RIGHT": 600, "Q": {"Qi": 0, "Qe": 0, "Qtot": 0}}, "-14.0dBm": {"p": {"Qe": 100000, "Qi": 350000, "f0": 0, "tau": -105, "a": 0.0041, "alpha": -100.98, "Ic": 0.0004, "Rc": 0.0004}, "%_std": {"Qe": 0, "Qi": 0, "f0": 0, "tau": 0, "a": 0, "alpha": 0, "Ic": 0, "Rc": 0}, "LB": {"Qe": 50000, "Qi": 200000, "f0": 0, "tau": -200, "a": -10, "alpha": -120, "Ic": -10, "Rc": -10}, "UB": {"Qe": 300000, "Qi": 700000, "f0": 100000000000, "tau": 200, "a": 10, "alpha": 100, "Ic": 10, "Rc": 10}, "DISCARD_LEFT": 600, "DISCARD_RIGHT": 600, "Q": {"Qi": 0, "Qe": 0, "Qtot": 0}}, "-16.0dBm": {"p": {"Qe": 100000, "Qi": 350000, "f0": 0, "tau": -105, "a": 0.0041, "alpha": -100.98, "Ic": 0.0004, "Rc": 0.0004}, "%_std": {"Qe": 0, "Qi": 0, "f0": 0, "tau": 0, "a": 0, "alpha": 0, "Ic": 0, "Rc": 0}, "LB": {"Qe": 50000, "Qi": 200000, "f0": 0, "tau": -200, "a": -10, "alpha": -120, "Ic": -10, "Rc": -10}, "UB": {"Qe": 300000, "Qi": 700000, "f0": 100000000000, "tau": 200, "a": 10, "alpha": 100, "Ic": 10, "Rc": 10}, "DISCARD_LEFT": 600, "DISCARD_RIGHT": 600, "Q": {"Qi": 0, "Qe": 0, "Qtot": 0}}, "-18.0dBm": {"p": {"Qe": 99075.09686068761, "Qi": 338381.9004283794, "f0": 6816820537.284052, "tau": -104.99887017175223, "a": 0.004179814024407576, "alpha": -100.97790338881047, "Ic": -0.00013947719744533885, "Rc": 9.459218020011669e-05}, "%_std": {"Qe": 0.19269894953864572, "Qi": 0.004875071286114647, "f0": 1.2106541976954626e-06, "tau": 54.89869143209917, "a": 0.08776018576147235, "alpha": 1572.7895835373347, "Ic": 678505.9879973151, "Rc": 1475183.6770371816}, "LB": {"Qe": 18, "Qi": 200000, "f0": 0, "tau": -200, "a": -10, "alpha": -120, "Ic": -10, "Rc": -10}, "UB": {"Qe": 300000, "Qi": 700000, "f0": 100000000000, "tau": 200, "a": 10, "alpha": 100, "Ic": 10, "Rc": 10}, "DISCARD_LEFT": 600, "DISCARD_RIGHT": 600, "Q": {"Qi": 338381.9004283794, "Qe": 99075.09686068761, "Qtot": 76636.60604036956}}, "-20.0dBm": {"p": {"Qe": 100000, "Qi": 350000, "f0": 0, "tau": -105, "a": 0.0041, "alpha": -100.98, "Ic": 0.0004, "Rc": 0.0004}, "%_std": {"Qe": 0, "Qi": 0, "f0": 0, "tau": 0, "a": 0, "alpha": 0, "Ic": 0, "Rc": 0}, "LB": {"Qe": 50000, "Qi": 200000, "f0": 0, "tau": -200, "a": -10, "alpha": -120, "Ic": -10, "Rc": -10}, "UB": {"Qe": 300000, "Qi": 700000, "f0": 100000000000, "tau": 200, "a": 10, "alpha": 100, "Ic": 10, "Rc": 10}, "DISCARD_LEFT": 600, "DISCARD_RIGHT": 600, "Q": {"Qi": 0, "Qe": 0, "Qtot": 0}}}