{"file_name": "C:/Users/Richard/Desktop/QC lab/Projects/[v4]_Resonator_project/data\\20220315_TH2403_resonator11_resonator12_6p591Ghzto6p5925GHz_sweep 10dBmto-10dBm_10Hz_avg2.hdf5", "data_dir": "C:/Users/Richard/Desktop/QC lab/Projects/[v4]_Resonator_project/data", "-10.0dBm": {"p": {"Qe": 91888.5003123566, "Qi": 307038.854935223, "f0": 6591758667.960194, "tau": -107.76282803279815, "a": 0.005409358789494309, "alpha": -97.93966321488554, "Ic": -0.00029709702725113084, "Rc": -0.0007883740943459347}, "%_std": {"Qe": 40.480576468052824, "Qi": 135.08293193001253, "f0": 3.1158296642115495e-07, "tau": 40.370019277518374, "a": 40.63634669755244, "alpha": 83.87092219414022, "Ic": 135965.8103848486, "Rc": 19235.55674972203}, "LB": {"Qe": 50000, "Qi": 200000, "f0": 0, "tau": -200, "a": -10, "alpha": -120, "Ic": -10, "Rc": -10}, "UB": {"Qe": 300000, "Qi": 700000, "f0": 100000000000, "tau": 200, "a": 10, "alpha": 100, "Ic": 10, "Rc": 10}, "DISCARD_LEFT": 600, "DISCARD_RIGHT": 600, "Q": {"Qi": 307038.854935223, "Qe": 91888.5003123566, "Qtot": 70723.0014349637}}, "-8.0dBm": {"p": {"Qe": 97727.31556974996, "Qi": 252777.70373881143, "f0": 6591758448.727554, "tau": -109.46523637826475, "a": 0.005751405127398116, "alpha": -96.1513576443717, "Ic": -0.0003272338003257194, "Rc": -0.0011212589318079793}, "%_std": {"Qe": 50.22018948723637, "Qi": 129.697695791445, "f0": 4.4246131117146133e-07, "tau": 50.09337923847049, "a": 50.40439364553884, "alpha": 112.25434574729134, "Ic": 234579.9568059655, "Rc": 19906.294981779927}, "LB": {"Qe": 50000, "Qi": 200000, "f0": 0, "tau": -200, "a": -10, "alpha": -120, "Ic": -10, "Rc": -10}, "UB": {"Qe": 300000, "Qi": 700000, "f0": 100000000000, "tau": 200, "a": 10, "alpha": 100, "Ic": 10, "Rc": 10}, "DISCARD_LEFT": 600, "DISCARD_RIGHT": 600, "Q": {"Qi": 252777.70373881143, "Qe": 97727.31556974996, "Qtot": 70479.12315495958}}, "-6.0dBm": {"p": {"Qe": 93664.08897641367, "Qi": 282082.06765691965, "f0": 6591758591.988668, "tau": -106.94175502197128, "a": 0.005538514312578727, "alpha": -98.78578793682402, "Ic": -0.00038258053828686174, "Rc": -0.0008776132858073073}, "%_std": {"Qe": 60.08270391873904, "Qi": 180.70327223637287, "f0": 4.902911956794828e-07, "tau": 59.859562605681326, "a": 60.30813575744036, "alpha": 111.02392617774446, "Ic": 151276.95466884694, "Rc": 28648.41703820743}, "LB": {"Qe": 50000, "Qi": 200000, "f0": 0, "tau": -200, "a": -10, "alpha": -120, "Ic": -10, "Rc": -10}, "UB": {"Qe": 300000, "Qi": 700000, "f0": 100000000000, "tau": 200, "a": 10, "alpha": 100, "Ic": 10, "Rc": 10}, "DISCARD_LEFT": 600, "DISCARD_RIGHT": 600, "Q": {"Qi": 282082.06765691965, "Qe": 93664.08897641367, "Qtot": 70315.98172659684}}, "-4.0dBm": {"p": {"Qe": 92610.19611805445, "Qi": 295765.0360787514, "f0": 6591758519.715815, "tau": -105.09327668229727, "a": 0.005452021820829086, "alpha": -100.74058435537901, "Ic": -0.0002921777885689532, "Rc": -0.0008272819499772779}, "%_std": {"Qe": 48.87877785197205, "Qi": 155.8989737895771, "f0": 3.625010804278518e-07, "tau": 48.77484340961401, "a": 49.06472243045042, "alpha": 98.11734215691277, "Ic": 175001.92985038244, "Rc": 21744.130483287452}, "LB": {"Qe": 50000, "Qi": 200000, "f0": 0, "tau": -200, "a": -10, "alpha": -120, "Ic": -10, "Rc": -10}, "UB": {"Qe": 300000, "Qi": 700000, "f0": 100000000000, "tau": 200, "a": 10, "alpha": 100, "Ic": 10, "Rc": 10}, "DISCARD_LEFT": 600, "DISCARD_RIGHT": 600, "Q": {"Qi": 295765.0360787514, "Qe": 92610.19611805445, "Qtot": 70526.78885103707}}, "-2.0dBm": {"p": {"Qe": 100335.30317746726, "Qi": 231664.4932216289, "f0": 6591758746.933122, "tau": -109.88157726595983, "a": 0.005901803097836154, "alpha": -95.7201273658358, "Ic": -0.00024972294173765397, "Rc": -0.0013112603320616645}, "%_std": {"Qe": 99.55906342067887, "Qi": 229.8519381881964, "f0": 2.101871372891454e-07, "tau": 99.95270690743358, "a": 12261.200482250075, "alpha": 120.37535788411613, "Ic": 12329.847314692666, "Rc": 11928.76832889174}, "LB": {"Qe": 50000, "Qi": 200000, "f0": 0, "tau": -200, "a": -10, "alpha": -120, "Ic": -10, "Rc": -10}, "UB": {"Qe": 300000, "Qi": 700000, "f0": 100000000000, "tau": 200, "a": 10, "alpha": 100, "Ic": 10, "Rc": 10}, "DISCARD_LEFT": 600, "DISCARD_RIGHT": 600, "Q": {"Qi": 231664.4932216289, "Qe": 100335.30317746726, "Qtot": 70012.47414894417}}, "0.0dBm": {"p": {"Qe": 98937.74515276178, "Qi": 241170.3118507908, "f0": 6591758349.5700035, "tau": -106.01075809262461, "a": 0.0057929089370896865, "alpha": -99.77418320623843, "Ic": -0.0003362577179836619, "Rc": -0.0011790731745090293}, "%_std": {"Qe": 39.31082905815694, "Qi": 95.68086930208072, "f0": 3.365744603794783e-07, "tau": 39.22912909703494, "a": 39.45308140089728, "alpha": 83.8665994952574, "Ic": 184651.74500352028, "Rc": 14965.886903390163}, "LB": {"Qe": 50000, "Qi": 200000, "f0": 0, "tau": -200, "a": -10, "alpha": -120, "Ic": -10, "Rc": -10}, "UB": {"Qe": 300000, "Qi": 700000, "f0": 100000000000, "tau": 200, "a": 10, "alpha": 100, "Ic": 10, "Rc": 10}, "DISCARD_LEFT": 600, "DISCARD_RIGHT": 600, "Q": {"Qi": 241170.3118507908, "Qe": 98937.74515276178, "Qtot": 70156.66450988072}}, "2.0dBm": {"p": {"Qe": 93386.3564143146, "Qi": 281255.16824362666, "f0": 6591758237.299654, "tau": -118.34598872605332, "a": 0.0054834250847716525, "alpha": -86.83660994511655, "Ic": -0.0003013327003567656, "Rc": -0.0008702755994865315}, "%_std": {"Qe": 28.922309711654435, "Qi": 86.95778275286786, "f0": 2.76538101692382e-07, "tau": 28.867846933369425, "a": 29.03804283662639, "alpha": 82.14940080513318, "Ic": 133988.87262776613, "Rc": 16007.14240265187}, "LB": {"Qe": 50000, "Qi": 200000, "f0": 0, "tau": -200, "a": -10, "alpha": -120, "Ic": -10, "Rc": -10}, "UB": {"Qe": 300000, "Qi": 700000, "f0": 100000000000, "tau": 200, "a": 10, "alpha": 100, "Ic": 10, "Rc": 10}, "DISCARD_LEFT": 600, "DISCARD_RIGHT": 600, "Q": {"Qi": 281255.16824362666, "Qe": 93386.3564143146, "Qtot": 70108.07306784377}}, "4.0dBm": {"p": {"Qe": 93994.07119482377, "Qi": 270648.95634545566, "f0": 6591758179.248759, "tau": -105.76551493767664, "a": 0.0055204726742517345, "alpha": -100.03181737656456, "Ic": -0.0003191900423858919, "Rc": -0.0008972609757122575}, "%_std": {"Qe": 31.14395357771032, "Qi": 89.55121397589998, "f0": 2.4343645351552e-07, "tau": 31.082888148425354, "a": 31.262514516916795, "alpha": 65.48888813385958, "Ic": 116489.29557795556, "Rc": 14688.437448797806}, "LB": {"Qe": 50000, "Qi": 200000, "f0": 0, "tau": -200, "a": -10, "alpha": -120, "Ic": -10, "Rc": -10}, "UB": {"Qe": 300000, "Qi": 700000, "f0": 100000000000, "tau": 200, "a": 10, "alpha": 100, "Ic": 10, "Rc": 10}, "DISCARD_LEFT": 600, "DISCARD_RIGHT": 600, "Q": {"Qi": 270648.95634545566, "Qe": 93994.07119482377, "Qtot": 69765.20967133921}}, "6.0dBm": {"p": {"Qe": 92520.14638564261, "Qi": 281139.1298248975, "f0": 6591757917.614602, "tau": -109.83036471876363, "a": 0.005437460765111461, "alpha": -95.75830474860398, "Ic": -0.0003678738272640701, "Rc": -0.0007953835460272654}, "%_std": {"Qe": 22.1222506349295, "Qi": 67.12454055253336, "f0": 1.8644943346159747e-07, "tau": 22.059414273949372, "a": 22.208032988860918, "alpha": 48.299331739261156, "Ic": 62763.37976082873, "Rc": 13382.780885013028}, "LB": {"Qe": 50000, "Qi": 200000, "f0": 0, "tau": -200, "a": -10, "alpha": -120, "Ic": -10, "Rc": -10}, "UB": {"Qe": 300000, "Qi": 700000, "f0": 100000000000, "tau": 200, "a": 10, "alpha": 100, "Ic": 10, "Rc": 10}, "DISCARD_LEFT": 600, "DISCARD_RIGHT": 600, "Q": {"Qi": 281139.1298248975, "Qe": 92520.14638564261, "Qtot": 69611.63579269918}}, "8.0dBm": {"p": {"Qe": 89206.58181177778, "Qi": 312818.35034243256, "f0": 6591757665.56763, "tau": -104.92672367014505, "a": 0.005248300999954241, "alpha": -100.91697854160104, "Ic": -0.0002919124191377445, "Rc": -0.0006308587851971974}, "%_std": {"Qe": 29.778528484068495, "Qi": 104.29086178775036, "f0": 2.1319330319223824e-07, "tau": 29.74740431264657, "a": 29.89506324549373, "alpha": 66.31468304310289, "Ic": 92468.65299032215, "Rc": 19731.324097232467}, "LB": {"Qe": 50000, "Qi": 200000, "f0": 0,