{"file_name": "C:/Users/Richard/Desktop/QC lab/Projects/[v4]_Resonator_project/data\\20220315_TH2403_resonator11_resonator12_6p591Ghzto6p5925GHz_sweep 10dBmto-10dBm_10Hz_avg2.hdf5", "data_dir": "C:/Users/Richard/Desktop/QC lab/Projects/[v4]_Resonator_project/data", "-10.0dBm": {"p": {"Qe": 100000, "Qi": 350000, "f0": 0, "tau": -105, "a": 0.0041, "alpha": -100.98, "Ic": 0.0004, "Rc": 0.0004}, "%_std": {"Qe": 0, "Qi": 0, "f0": 0, "tau": 0, "a": 0, "alpha": 0, "Ic": 0, "Rc": 0}, "LB": {"Qe": 50000, "Qi": 200000, "f0": 0, "tau": -200, "a": -10, "alpha": -120, "Ic": -10, "Rc": -10}, "UB": {"Qe": 300000, "Qi": 700000, "f0": 100000000000, "tau": 200, "a": 10, "alpha": 100, "Ic": 10, "Rc": 10}, "DISCARD_LEFT": 600, "DISCARD_RIGHT": 600, "Q": {"Qi": 0, "Qe": 0, "Qtot": 0}}, "-8.0dBm": {"p": {"Qe": 100000, "Qi": 350000, "f0": 0, "tau": -105, "a": 0.0041, "alpha": -100.98, "Ic": 0.0004, "Rc": 0.0004}, "%_std": {"Qe": 0, "Qi": 0, "f0": 0, "tau": 0, "a": 0, "alpha": 0, "Ic": 0, "Rc": 0}, "LB": {"Qe": 50000, "Qi": 200000, "f0": 0, "tau": -200, "a": -10, "alpha": -120, "Ic": -10, "Rc": -10}, "UB": {"Qe": 300000, "Qi": 700000, "f0": 100000000000, "tau": 200, "a": 10, "alpha": 100, "Ic": 10, "Rc": 10}, "DISCARD_LEFT": 600, "DISCARD_RIGHT": 600, "Q": {"Qi": 0, "Qe": 0, "Qtot": 0}}, "-6.0dBm": {"p": {"Qe": 100000, "Qi": 350000, "f0": 0, "tau": -105, "a": 0.0041, "alpha": -100.98, "Ic": 0.0004, "Rc": 0.0004}, "%_std": {"Qe": 0, "Qi": 0, "f0": 0, "tau": 0, "a": 0, "alpha": 0, "Ic": 0, "Rc": 0}, "LB": {"Qe": 50000, "Qi": 200000, "f0": 0, "tau": -200, "a": -10, "alpha": -120, "Ic": -10, "Rc": -10}, "UB": {"Qe": 300000, "Qi": 700000, "f0": 100000000000, "tau": 200, "a": 10, "alpha": 100, "Ic": 10, "Rc": 10}, "DISCARD_LEFT": 600, "DISCARD_RIGHT": 600, "Q": {"Qi": 0, "Qe": 0, "Qtot": 0}}, "-4.0dBm": {"p": {"Qe": 98057.14708003268, "Qi": 249887.11087162432, "f0": 6591758830.603186, "tau": -106.47603676131217, "a": 0.0010070515705057938, "alpha": -99.2930714604646, "Ic": -4.387836391790586e-05, "Rc": -0.00020198566682857197}, "%_std": {"Qe": 0.055655084331163236, "Qi": 0.003363067861510796, "f0": 2.1085031321832095e-07, "tau": 0.40689286524722035, "a": 852.7958872729565, "alpha": 0.45775335267593287, "Ic": 852.8503565797403, "Rc": 852.697261721028}, "LB": {"Qe": 50000, "Qi": 200000, "f0": 0, "tau": -200, "a": -10, "alpha": -120, "Ic": -10, "Rc": -10}, "UB": {"Qe": 300000, "Qi": 700000, "f0": 100000000000, "tau": 200, "a": 10, "alpha": 100, "Ic": 10, "Rc": 10}, "DISCARD_LEFT": 600, "DISCARD_RIGHT": 600, "Q": {"Qi": 249887.11087162432, "Qe": 98057.14708003268, "Qtot": 70422.82384078817}}, "-2.0dBm": {"p": {"Qe": 100000, "Qi": 350000, "f0": 0, "tau": -105, "a": 0.0041, "alpha": -100.98, "Ic": 0.0004, "Rc": 0.0004}, "%_std": {"Qe": 0, "Qi": 0, "f0": 0, "tau": 0, "a": 0, "alpha": 0, "Ic": 0, "Rc": 0}, "LB": {"Qe": 50000, "Qi": 200000, "f0": 0, "tau": -200, "a": -10, "alpha": -120, "Ic": -10, "Rc": -10}, "UB": {"Qe": 300000, "Qi": 700000, "f0": 100000000000, "tau": 200, "a": 10, "alpha": 100, "Ic": 10, "Rc": 10}, "DISCARD_LEFT": 600, "DISCARD_RIGHT": 600, "Q": {"Qi": 0, "Qe": 0, "Qtot": 0}}, "0.0dBm": {"p": {"Qe": 100000, "Qi": 350000, "f0": 0, "tau": -105, "a": 0.0041, "alpha": -100.98, "Ic": 0.0004, "Rc": 0.0004}, "%_std": {"Qe": 0, "Qi": 0, "f0": 0, "tau": 0, "a": 0, "alpha": 0, "Ic": 0, "Rc": 0}, "LB": {"Qe": 50000, "Qi": 200000, "f0": 0, "tau": -200, "a": -10, "alpha": -120, "Ic": -10, "Rc": -10}, "UB": {"Qe": 300000, "Qi": 700000, "f0": 100000000000, "tau": 200, "a": 10, "alpha": 100, "Ic": 10, "Rc": 10}, "DISCARD_LEFT": 600, "DISCARD_RIGHT": 600, "Q": {"Qi": 0, "Qe": 0, "Qtot": 0}}, "2.0dBm": {"p": {"Qe": 100000, "Qi": 350000, "f0": 0, "tau": -105, "a": 0.0041, "alpha": -100.98, "Ic": 0.0004, "Rc": 0.0004}, "%_std": {"Qe": 0, "Qi": 0, "f0": 0, "tau": 0, "a": 0, "alpha": 0, "Ic": 0, "Rc": 0}, "LB": {"Qe": 50000, "Qi": 200000, "f0": 0, "tau": -200, "a": -10, "alpha": -120, "Ic": -10, "Rc": -10}, "UB": {"Qe": 300000, "Qi": 700000, "f0": 100000000000, "tau": 200, "a": 10, "alpha": 100, "Ic": 10, "Rc": 10}, "DISCARD_LEFT": 600, "DISCARD_RIGHT": 600, "Q": {"Qi": 0, "Qe": 0, "Qtot": 0}}, "4.0dBm": {"p": {"Qe": 100000, "Qi": 350000, "f0": 0, "tau": -105, "a": 0.0041, "alpha": -100.98, "Ic": 0.0004, "Rc": 0.0004}, "%_std": {"Qe": 0, "Qi": 0, "f0": 0, "tau": 0, "a": 0, "alpha": 0, "Ic": 0, "Rc": 0}, "LB": {"Qe": 50000, "Qi": 200000, "f0": 0, "tau": -200, "a": -10, "alpha": -120, "Ic": -10, "Rc": -10}, "UB": {"Qe": 300000, "Qi": 700000, "f0": 100000000000, "tau": 200, "a": 10, "alpha": 100, "Ic": 10, "Rc": 10}, "DISCARD_LEFT": 600, "DISCARD_RIGHT": 600, "Q": {"Qi": 0, "Qe": 0, "Qtot": 0}}, "6.0dBm": {"p": {"Qe": 100000, "Qi": 350000, "f0": 0, "tau": -105, "a": 0.0041, "alpha": -100.98, "Ic": 0.0004, "Rc": 0.0004}, "%_std": {"Qe": 0, "Qi": 0, "f0": 0, "tau": 0, "a": 0, "alpha": 0, "Ic": 0, "Rc": 0}, "LB": {"Qe": 50000, "Qi": 200000, "f0": 0, "tau": -200, "a": -10, "alpha": -120, "Ic": -10, "Rc": -10}, "UB": {"Qe": 300000, "Qi": 700000, "f0": 100000000000, "tau": 200, "a": 10, "alpha": 100, "Ic": 10, "Rc": 10}, "DISCARD_LEFT": 600, "DISCARD_RIGHT": 600, "Q": {"Qi": 0, "Qe": 0, "Qtot": 0}}, "8.0dBm": {"p": {"Qe": 100000, "Qi": 350000, "f0": 0, "tau": -105, "a": 0.0041, "alpha": -100.98, "Ic": 0.0004, "Rc": 0.0004}, "%_std": {"Qe": 0, "Qi": 0, "f0": 0, "tau": 0, "a": 0, "alpha": 0, "Ic": 0, "Rc": 0}, "LB": {"Qe": 50000, "Qi": 200000, "f0": 0, "tau": -200, "a": -10, "alpha": -120, "Ic": -10, "Rc": -10}, "UB": {"Qe": 300000, "Qi": 700000, "f0": 100000000000, "tau": 200, "a": 10, "alpha": 100, "Ic": 10, "Rc": 10}, "DISCARD_LEFT": 600, "DISCARD_RIGHT": 600, "Q": {"Qi": 0, "Qe": 0, "Qtot": 0}}, "10.0dBm": {"p": {"Qe": 100000, "Qi": 350000, "f0": 0, "tau": -105, "a": 0.0041, "alpha": -100.98, "Ic": 0.0004, "Rc": 0.0004}, "%_std": {"Qe": 0, "Qi": 0, "f0": 0, "tau": 0, "a": 0, "alpha": 0, "Ic": 0, "Rc": 0}, "LB": {"Qe": 50000, "Qi": 200000, "f0": 0, "tau": -200, "a": -10, "alpha": -120, "Ic": -10, "Rc": -10}, "UB": {"Qe": 300000, "Qi": 700000, "f0": 100000000000, "tau": 200, "a": 10, "alpha": 100, "Ic": 10, "Rc": 10}, "DISCARD_LEFT": 600, "DISCARD_RIGHT": 600, "Q": {"Qi": 0, "Qe": 0, "Qtot": 0}}}